SITE,Country,Year,Plot,Nh,N_ca,Ndf_ca,Adf_ca,Ivtd_ca,Ivcwd_ca,Cp_ca,Fq
13,Iceland_a,2003,1,2,1.6406,54.3715,30.7785,85.184,73.8630943,10.25375,254.859317
13,Iceland_a,2003,2,2,1.64005,54.2715,31.7505,83.425,69.88752252,10.2503125,249.4794105
13,Iceland_a,2003,3,2,1.88615,51.4035,30.784,84.777,70.76248014,11.7884375,249.6417112
13,Iceland_a,2003,4,2,1.7086,53.006,30.866,84.2225,70.50862959,10.67875,249.512423
13,Iceland_a,2003,5,2,1.6876,52.087,30.83,84.364,70.352819,10.5475,248.1252037
13,Iceland_a,2003,12,2,1.25045,54.5155,29.3425,86.2405,76.77625067,7.8153125,256.7906914
13,Iceland_a,2003,13,2,1.3159,56.97,31.857,82.966,70.16739351,8.224375,250.0025834
13,Iceland_a,2003,14,2,2.1292,46.4285,29.685,84.826,67.50098068,13.3075,241.6470304
13,Iceland_a,2003,15,2,1.8711,49.563,29.7125,84.8665,69.76779094,11.694375,245.5721146
13,Iceland_a,2003,16,2,1.44445,52.4505,29.6945,85.123,72.53171754,9.0278125,248.5388272
13,Iceland_a,2003,17,2,1.5068,56.0315,32.4275,83.332,70.29398434,9.4175,251.3842475
13,Iceland_a,2003,18,2,1.7598,53.0785,31.102,84.0845,70.3050913,10.99875,249.5093296
13,Iceland_a,2003,19,2,1.6303,51.962,30.5035,83.8965,69.11525244,10.189375,245.314835
13,Iceland_a,2003,20,2,1.69005,54.1475,30.901,84.8615,72.34357329,10.5628125,252.571954
13,Iceland_a,2003,27,2,1.3472,53.6305,28.575,87.6765,78.94481356,8.42,258.0181115
13,Iceland_a,2003,28,2,1.33605,58.4695,33.7165,81.84,68.95265036,8.3503125,250.7132368
13,Iceland_a,2003,29,2,2.23115,44.2965,27.1895,87.297,71.59213536,13.9446875,244.6887795
13,Iceland_a,2003,30,2,1.95155,50.849,29.585,85.841,72.61813983,12.1971875,251.0087105
13,Iceland_a,2004,1,2,1.72405,46.089,25.7735,89.82,78.32741861,10.7753125,249.1911987
13,Iceland_a,2004,2,2,1.70185,49.434,28.144,87.0865,73.91838133,10.6365625,248.8665248
13,Iceland_a,2004,3,2,1.7292,48.588,27.252,88.9575,77.56749117,10.8075,251.4395126
13,Iceland_a,2004,4,2,1.65385,49.223,27.7315,87.1975,74.13611206,10.3365625,247.6724025
13,Iceland_a,2004,5,2,1.69385,48.743,27.4355,87.6095,74.6372107,10.5865625,248.3409705
13,Iceland_a,2004,6,2,1.7929,45.0635,26.12,88.876,75.43551726,11.205625,244.9485725
13,Iceland_a,2004,7,2,1.554,47.8025,25.852,89.3965,78.34596579,9.7125,249.8843087
13,Iceland_a,2004,8,2,1.81405,47.029,26.0105,89.84,78.80799288,11.3378125,252.0323686
13,Iceland_a,2004,9,2,2.0039,45.2575,26.393,89.1405,76.08777017,12.524375,248.4230046
13,Iceland_a,2004,10,2,1.6703,46.4805,26.0475,89.253,77.05627617,10.439375,247.9154952
13,Iceland_a,2004,11,2,1.97605,46.5465,26.563,88.841,76.22685221,12.3503125,249.3412061
13,Iceland_a,2004,12,2,NA,NA,NA,NA,NA,NA,NA
13,Iceland_a,2004,13,2,1.33585,48.9775,26.774,88.0565,75.69911861,8.3490625,245.6960986
13,Iceland_a,2004,14,2,2.21135,45.1585,26.6135,88.41,74.83697138,13.8209375,247.8392782
13,Iceland_a,2004,15,2,1.90955,48.8675,27.7275,87.2875,74.38804331,11.9346875,250.5795423
13,Iceland_a,2004,16,2,1.71465,45.1505,25.395,89.2555,76.50972284,10.7165625,245.3866968
13,Iceland_a,2004,17,2,1.91325,48.264,27.7965,87.533,74.19625709,11.9578125,248.7979095
13,Iceland_a,2004,18,2,2.2381,43.4125,25.458,88.993,74.74076852,13.988125,245.5584981
13,Iceland_a,2004,19,2,1.70075,48.633,27.2915,87.095,73.68861091,10.6296875,246.029547
13,Iceland_a,2004,20,2,1.75485,48.119,26.8275,88.342,76.2828952,10.9678125,249.0545126
13,Iceland_a,2004,21,2,1.9073,44.767,25.0185,90.218,78.40333129,11.920625,249.5889155
13,Iceland_a,2004,22,2,1.8295,44.585,25.4845,90.0055,77.85963519,11.434375,247.3979069
13,Iceland_a,2004,23,2,1.82885,45.278,25.289,90.003,78.17682604,11.4303125,249.6414631
13,Iceland_a,2004,24,2,1.87095,47.737,27.85,87.5355,73.96273946,11.6934375,247.9286335
13,Iceland_a,2004,25,2,1.74945,49.2165,27.99,87.5055,74.73381832,10.9340625,249.8035725
13,Iceland_a,2004,26,2,1.81445,47.0765,26.2565,89.2815,77.41719636,11.3403125,249.8511127
13,Iceland_a,2004,27,2,NA,NA,NA,NA,NA,NA,NA
13,Iceland_a,2004,28,2,1.38255,54.5365,29.8045,85.1715,72.80509092,8.6409375,249.6357686
13,Iceland_a,2004,29,2,1.6443,46.944,25.771,87.8395,74.58945483,10.276875,244.1886182
13,Iceland_a,2004,30,2,1.961,47.523,27.1465,88.4,75.9340986,12.25625,251.1728871
13,Iceland_a,2005,1,2,2.0527,49.444,26.6485,89.296,78.42884014,12.829375,256.4315816
13,Iceland_a,2005,2,2,1.9386,51.6755,28.1445,88.036,76.88086361,12.11625,257.0992703
13,Iceland_a,2005,3,2,1.81295,51.2925,28.4015,87.871,76.34101411,11.3309375,254.8154863
13,Iceland_a,2005,4,2,2.089,50.263,28.8095,87.0375,74.19294694,13.05625,253.4004049
13,Iceland_a,2005,5,2,2.06295,50.3605,28.5015,87.5725,75.32334367,12.8934375,254.563406
13,Iceland_a,2005,6,2,2.1122,47.546,26.7305,88.9715,76.7785188,13.20125,253.5556679
13,Iceland_a,2005,7,2,1.929,50.5365,27.178,88.0795,76.41102434,12.05625,254.3718741
13,Iceland_a,2005,8,2,1.73805,52.3705,27.833,88.1285,77.32950429,10.8628125,255.5906919
13,Iceland_a,2005,9,2,2.04415,51.985,28.958,86.5365,74.11934113,12.7759375,254.826352
13,Iceland_a,2005,10,2,1.9849,49.2495,27.558,87.3745,74.36602136,12.405625,251.2393149
13,Iceland_a,2005,11,2,1.96685,52.5635,29.0865,86.49,74.31151684,12.2928125,254.8939148
13,Iceland_a,2005,12,2,1.4818,50.002,26.3135,89.4855,79.08845631,9.26125,251.8891465
13,Iceland_a,2005,13,2,1.4799,53.1665,28.3125,87.3675,76.22248663,9.249375,254.7775472
13,Iceland_a,2005,14,2,1.78055,56.282,31.9375,84.0725,71.70766442,11.1284375,254.8239474
13,Iceland_a,2005,15,2,1.8751,52.6215,28.9145,86.4265,74.35990751,11.719375,254.1736637
13,Iceland_a,2005,16,2,2.1052,49.9405,27.234,88.376,76.729184,13.1575,255.1694789
13,Iceland_a,2005,17,2,2.10645,50.113,29.0875,87.088,74.24738337,13.1653125,253.7275687
13,Iceland_a,2005,18,2,2.227,49.714,28.1695,87.119,74.08798304,13.91875,253.1982425
13,Iceland_a,2005,19,2,2.1443,51.303,29.2635,86.514,73.71561263,13.401875,254.3325343
13,Iceland_a,2005,20,2,1.9725,51.9195,29.2575,86.6955,74.37449894,12.328125,254.3143971
13,Iceland_a,2005,21,2,2.16425,49.3815,27.71,88.0335,75.76708745,13.5265625,254.5363737
13,Iceland_a,2005,22,2,1.9885,51.6705,27.9215,87.382,75.61098359,12.428125,254.8017246
13,Iceland_a,2005,23,2,2.125,49.8255,27.3955,88.4475,76.81750432,13.28125,255.7025243
13,Iceland_a,2005,24,2,2.06585,50.9275,28.3695,87.6255,75.71813143,12.9115625,255.6268903
13,Iceland_a,2005,25,2,2.00695,52.4285,29.3995,86.012,73.31669466,12.5434375,253.7734866
13,Iceland_a,2005,26,2,2.12275,48.994,26.6865,88.9325,77.44041944,13.2671875,256.4805639
13,Iceland_a,2005,27,2,1.72425,47.6435,25.2835,89.5695,78.10519409,10.7765625,250.5916961
13,Iceland_a,2005,28,2,1.41795,56.284,30.634,85.8,74.89178779,8.8621875,256.5106472
13,Iceland_a,2005,29,2,1.5571,54.363,29.4665,85.3955,73.27609822,9.731875,252.1479828
13,Iceland_a,2005,30,2,2.1215,48.9315,27.2435,88.197,76.03214789,13.259375,253.5330374
22,Norway_a,2004,1,3,NA,NA,NA,NA,NA,NA,NA
22,Norway_a,2004,2,3,NA,NA,NA,NA,NA,NA,NA
22,Norway_a,2004,3,3,NA,NA,NA,NA,NA,NA,NA
22,Norway_a,2004,4,3,NA,NA,NA,NA,NA,NA,NA
22,Norway_a,2004,5,3,NA,NA,NA,NA,NA,NA,NA
22,Norway_a,2004,6,3,NA,NA,NA,NA,NA,NA,NA
22,Norway_a,2004,7,3,NA,NA,NA,NA,NA,NA,NA
22,Norway_a,2004,8,3,NA,NA,NA,NA,NA,NA,NA
22,Norway_a,2004,9,3,NA,NA,NA,NA,NA,NA,NA
22,Norway_a,2004,10,3,NA,NA,NA,NA,NA,NA,NA
22,Norway_a,2004,11,3,NA,NA,NA,NA,NA,NA,NA
22,Norway_a,2004,12,3,NA,NA,NA,NA,NA,NA,NA
22,Norway_a,2004,13,3,NA,NA,NA,NA,NA,NA,NA
22,Norway_a,2004,14,3,NA,NA,NA,NA,NA,NA,NA
22,Norway_a,2004,15,3,NA,NA,NA,NA,NA,NA,NA
22,Norway_a,2004,16,3,NA,NA,NA,NA,NA,NA,NA
22,Norway_a,2004,17,3,NA,NA,NA,NA,NA,NA,NA
22,Norway_a,2004,18,3,NA,NA,NA,NA,NA,NA,NA
22,Norway_a,2004,19,3,NA,NA,NA,NA,NA,NA,NA
22,Norway_a,2004,20,3,NA,NA,NA,NA,NA,NA,NA
22,Norway_a,2004,21,3,NA,NA,NA,NA,NA,NA,NA
22,Norway_a,2004,22,3,NA,NA,NA,NA,NA,NA,NA
22,Norway_a,2004,23,3,NA,NA,NA,NA,NA,NA,NA
22,Norway_a,2004,24,3,NA,NA,NA,NA,NA,NA,NA
22,Norway_a,2004,25,3,NA,NA,NA,NA,NA,NA,NA
22,Norway_a,2004,26,3,NA,NA,NA,NA,NA,NA,NA
22,Norway_a,2004,27,3,NA,NA,NA,NA,NA,NA,NA
22,Norway_a,2004,28,3,NA,NA,NA,NA,NA,NA,NA
22,Norway_a,2004,29,3,NA,NA,NA,NA,NA,NA,NA
22,Norway_a,2004,30,3,NA,NA,NA,NA,NA,NA,NA
22,Norway_a,2004,31,3,NA,NA,NA,NA,NA,NA,NA
22,Norway_a,2004,32,3,NA,NA,NA,NA,NA,NA,NA
22,Norway_a,2004,33,3,NA,NA,NA,NA,NA,NA,NA
22,Norway_a,2004,34,3,NA,NA,NA,NA,NA,NA,NA
22,Norway_a,2004,35,3,NA,NA,NA,NA,NA,NA,NA
22,Norway_a,2004,36,3,NA,NA,NA,NA,NA,NA,NA
22,Norway_a,2004,37,3,NA,NA,NA,NA,NA,NA,NA
22,Norway_a,2004,38,3,NA,NA,NA,NA,NA,NA,NA
22,Norway_a,2004,39,3,NA,NA,NA,NA,NA,NA,NA
22,Norway_a,2004,40,3,NA,NA,NA,NA,NA,NA,NA
22,Norway_a,2004,41,3,NA,NA,NA,NA,NA,NA,NA
22,Norway_a,2004,42,3,NA,NA,NA,NA,NA,NA,NA
22,Norway_a,2004,43,3,NA,NA,NA,NA,NA,NA,NA
22,Norway_a,2004,44,3,NA,NA,NA,NA,NA,NA,NA
22,Norway_a,2004,45,3,NA,NA,NA,NA,NA,NA,NA
22,Norway_a,2004,46,3,NA,NA,NA,NA,NA,NA,NA
22,Norway_a,2004,47,3,NA,NA,NA,NA,NA,NA,NA
22,Norway_a,2004,48,3,NA,NA,NA,NA,NA,NA,NA
22,Norway_a,2005,1,3,NA,NA,NA,NA,NA,NA,NA
22,Norway_a,2005,2,3,NA,NA,NA,NA,NA,NA,NA
22,Norway_a,2005,3,3,NA,NA,NA,NA,NA,NA,NA
22,Norway_a,2005,4,3,NA,NA,NA,NA,NA,NA,NA
22,Norway_a,2005,5,3,NA,NA,NA,NA,NA,NA,NA
22,Norway_a,2005,6,3,NA,NA,NA,NA,NA,NA,NA
22,Norway_a,2005,7,3,NA,NA,NA,NA,NA,NA,NA
22,Norway_a,2005,8,3,NA,NA,NA,NA,NA,NA,NA
22,Norway_a,2005,9,3,NA,NA,NA,NA,NA,NA,NA
22,Norway_a,2005,10,3,NA,NA,NA,NA,NA,NA,NA
22,Norway_a,2005,11,3,NA,NA,NA,NA,NA,NA,NA
22,Norway_a,2005,12,3,NA,NA,NA,NA,NA,NA,NA
22,Norway_a,2005,13,3,NA,NA,NA,NA,NA,NA,NA
22,Norway_a,2005,14,3,NA,NA,NA,NA,NA,NA,NA
22,Norway_a,2005,15,3,NA,NA,NA,NA,NA,NA,NA
22,Norway_a,2005,16,3,NA,NA,NA,NA,NA,NA,NA
22,Norway_a,2005,17,3,NA,NA,NA,NA,NA,NA,NA
22,Norway_a,2005,18,3,NA,NA,NA,NA,NA,NA,NA
22,Norway_a,2005,19,3,NA,NA,NA,NA,NA,NA,NA
22,Norway_a,2005,20,3,NA,NA,NA,NA,NA,NA,NA
22,Norway_a,2005,21,3,NA,NA,NA,NA,NA,NA,NA
22,Norway_a,2005,22,3,NA,NA,NA,NA,NA,NA,NA
22,Norway_a,2005,23,3,NA,NA,NA,NA,NA,NA,NA
22,Norway_a,2005,24,3,NA,NA,NA,NA,NA,NA,NA
22,Norway_a,2005,25,3,NA,NA,NA,NA,NA,NA,NA
22,Norway_a,2005,26,3,NA,NA,NA,NA,NA,NA,NA
22,Norway_a,2005,27,3,NA,NA,NA,NA,NA,NA,NA
22,Norway_a,2005,28,3,NA,NA,NA,NA,NA,NA,NA
22,Norway_a,2005,29,3,NA,NA,NA,NA,NA,NA,NA
22,Norway_a,2005,30,3,NA,NA,NA,NA,NA,NA,NA
22,Norway_a,2005,31,3,NA,NA,NA,NA,NA,NA,NA
22,Norway_a,2005,32,3,NA,NA,NA,NA,NA,NA,NA
22,Norway_a,2005,33,3,NA,NA,NA,NA,NA,NA,NA
22,Norway_a,2005,34,3,NA,NA,NA,NA,NA,NA,NA
22,Norway_a,2005,35,3,NA,NA,NA,NA,NA,NA,NA
22,Norway_a,2005,36,3,NA,NA,NA,NA,NA,NA,NA
22,Norway_a,2005,37,3,NA,NA,NA,NA,NA,NA,NA
22,Norway_a,2005,38,3,NA,NA,NA,NA,NA,NA,NA
22,Norway_a,2005,39,3,NA,NA,NA,NA,NA,NA,NA
22,Norway_a,2005,40,3,NA,NA,NA,NA,NA,NA,NA
22,Norway_a,2005,41,3,NA,NA,NA,NA,NA,NA,NA
22,Norway_a,2005,42,3,NA,NA,NA,NA,NA,NA,NA
22,Norway_a,2005,43,3,NA,NA,NA,NA,NA,NA,NA
22,Norway_a,2005,44,3,NA,NA,NA,NA,NA,NA,NA
22,Norway_a,2005,45,3,NA,NA,NA,NA,NA,NA,NA
22,Norway_a,2005,46,3,NA,NA,NA,NA,NA,NA,NA
22,Norway_a,2005,47,3,NA,NA,NA,NA,NA,NA,NA
22,Norway_a,2005,48,3,NA,NA,NA,NA,NA,NA,NA
33,Sweden_c,2004,1,2,1.7705,53.9795,32.2485,84.044,70.63840361,11.065625,251.9669165
33,Sweden_c,2004,2,2,1.9722,47.829,30.9695,84.488,67.60929328,12.32625,243.4324999
33,Sweden_c,2004,3,2,2.25685,41.5305,28.8125,85.8515,65.90756244,14.1053125,236.3238528
33,Sweden_c,2004,4,2,2.3022,43.6455,29.1075,86.541,69.09455286,14.38875,243.2213889
33,Sweden_c,2004,5,2,1.99565,46.9335,29.7955,86.3655,70.97892922,12.4728125,246.4091295
33,Sweden_c,2004,6,2,1.9337,48.91,30.386,85.0585,69.51711553,12.085625,246.3488673
33,Sweden_c,2004,7,2,2.1612,44.196,29.358,85.603,67.57959668,13.5075,240.3132289
33,Sweden_c,2004,8,2,1.9967,47.9055,30.7605,85.3555,69.39446486,12.479375,245.9102218
33,Sweden_c,2004,9,2,2.14565,45.196,29.8145,85.846,68.59147237,13.4103125,243.2926163
33,Sweden_c,2004,10,2,2.11775,47.7045,30.366,85.798,70.19855177,13.2359375,247.5440047
33,Sweden_c,2004,11,2,2.21105,43.951,30.7765,84.4665,64.62898897,13.8190625,238.3055492
33,Sweden_c,2004,12,2,1.47675,56.878,32.171,84.727,73.72666969,9.2296875,257.8238788
33,Sweden_c,2004,13,2,1.45115,51.908,30.489,84.7585,70.63496153,9.0696875,246.7706501
33,Sweden_c,2004,14,2,2.42035,36.3435,26.189,87.539,65.78085733,15.1271875,230.9973196
33,Sweden_c,2004,15,2,2.7796,35.3635,26.3995,88.1635,66.72061818,17.3725,234.3786529
33,Sweden_c,2004,16,2,1.98545,50.454,30.874,85.793,71.99831529,12.4090625,251.824917
33,Sweden_c,2004,17,2,2.0246,45.7625,29.485,86.528,70.54661693,12.65375,244.8028262
33,Sweden_c,2004,18,2,2.1363,43.889,29.3765,85.6855,67.41519997,13.351875,239.4802813
33,Sweden_c,2004,19,2,1.9795,48.849,31.744,84.35,67.93545866,12.371875,245.3747113
33,Sweden_c,2004,20,2,1.8388,49.9785,31.344,84.819,69.70151803,11.4925,247.4759743
33,Sweden_c,2004,21,2,1.55845,53.2585,32.456,83.0255,68.37026029,9.7403125,246.9479879
33,Sweden_c,2004,22,2,1.88045,51.562,32.599,83.0935,67.20676031,11.7528125,246.7997001
33,Sweden_c,2004,23,2,1.87635,51.545,31.8155,84.4045,69.86049974,11.7271875,249.5505233
33,Sweden_c,2004,24,2,2.1764,45.649,29.8465,85.5005,68.19541534,13.6025,242.8581308
33,Sweden_c,2004,25,2,1.83475,49.5335,30.8465,85.2255,70.19166528,11.4671875,247.2743625
33,Sweden_c,2004,26,2,2.1833,42.441,28.6995,86.991,69.6792986,13.645625,241.497182
33,Sweden_c,2004,27,2,1.3502,57.611,31.863,84.0855,72.94083836,8.43875,255.7991649
33,Sweden_c,2004,28,2,1.29125,52.0705,29.9445,85.2605,71.69806969,8.0703125,246.9928362
33,Sweden_c,2004,29,2,2.57015,36.24,25.743,88.23,67.62451605,16.0634375,234.3224093
33,Sweden_c,2004,30,2,2.51375,41.0475,29.833,84.702,63.80281859,15.7109375,236.1803692
33,Sweden_c,2005,1,3,2.389466667,45.76233333,27.77533333,88.051,74.33141935,14.93416667,250.8448634
33,Sweden_c,2005,2,3,2.138433333,48.53833333,29.61366667,87.18533333,73.71760615,13.36520833,252.5247361
33,Sweden_c,2005,3,3,2.502933333,42.42866667,26.76433333,88.00966667,71.98024782,15.64333333,244.5479189
33,Sweden_c,2005,4,3,2.210033333,48.484,29.22733333,86.95266667,73.38737701,13.81270833,251.8678662
33,Sweden_c,2005,5,3,2.387933333,45.17366667,27.926,87.497,72.40781241,14.92458333,247.434489
33,Sweden_c,2005,6,3,2.272666667,46.19266667,27.75866667,88.27066667,74.86876702,14.20416667,250.5304182
33,Sweden_c,2005,7,3,2.6404,40.247,25.57833333,88.97833333,72.79613219,16.5025,244.0148084
33,Sweden_c,2005,8,3,2.421066667,44.69166667,27.31033333,88.48966667,74.30383095,15.13166667,249.5543175
33,Sweden_c,2005,9,3,2.366466667,45.844,28.223,87.95133333,73.68147993,14.79041667,250.0649779
33,Sweden_c,2005,10,3,2.2023,47.51366667,29.022,87.01333333,72.69628316,13.764375,249.554496
33,Sweden_c,2005,11,3,2.436966667,42.69566667,26.49433333,88.637,73.39849262,15.23104167,245.9661983
33,Sweden_c,2005,12,3,1.790566667,53.14533333,30.13733333,87.67433333,77.97129706,11.19104167,258.6573575
33,Sweden_c,2005,13,3,1.580033333,51.64566667,29.87933333,87.431,75.74705825,9.875208333,254.127534
33,Sweden_c,2005,14,3,2.6916,34.64766667,23.72466667,89.789,70.52315204,16.8225,233.2291245
33,Sweden_c,2005,15,3,3.359166667,32.62466667,23.25066667,91.64833333,74.53738578,20.99479167,242.6631466
33,Sweden_c,2005,16,3,2.229266667,49.65733333,29.427,86.95333333,74.02407177,13.93291667,254.2656333
33,Sweden_c,2005,17,3,2.004733333,51.57966667,31.2,85.69233333,72.40980881,12.52958333,252.2449147
33,Sweden_c,2005,18,3,2.33,44.70066667,28.04866667,87.30466667,71.61072946,14.5625,245.5068268
33,Sweden_c,2005,19,3,2.284566667,48.552,29.475,87.213,73.76165146,14.27854167,253.9455126
33,Sweden_c,2005,20,3,2.209266667,46.547,28.27733333,87.83633333,73.90324088,13.80791667,250.2590995
33,Sweden_c,2005,21,3,2.280166667,46.08,28.14333333,87.95133333,73.84803585,14.25104167,249.247135
33,Sweden_c,2005,22,3,2.344833333,45.376,27.83133333,87.137,71.85676096,14.65520833,246.6991123
33,Sweden_c,2005,23,3,2.3367,47.42866667,28.53266667,88.08633333,75.08688204,14.604375,253.5610532
33,Sweden_c,2005,24,3,2.3004,46.675,28.59,87.892,74.10895579,14.3775,251.0485808
33,Sweden_c,2005,25,3,2.128466667,47.978,29.13133333,87.241,73.71626553,13.30291667,252.0621524
33,Sweden_c,2005,26,3,2.307933333,47.19266667,28.45633333,87.76066667,74.2767009,14.42458333,251.6229642
33,Sweden_c,2005,27,3,1.684,52.55233333,28.906,88.981,80.09599116,10.525,259.6062375
33,Sweden_c,2005,28,3,1.731866667,52.03366667,30.763,85.96733333,73.09936913,10.82416667,253.1277002
33,Sweden_c,2005,29,3,2.666266667,34.36866667,23.459,89.40533333,69.17344864,16.66416667,231.916582
33,Sweden_c,2005,30,3,3.0533,35.48233333,23.826,91.26333333,75.55502594,19.083125,244.9797515
33,Sweden_c,2006,1,2,2.1358,40.6575,24.8875,87.2195,68.23414309,13.34875,238.9648017
33,Sweden_c,2006,2,2,1.7894,47.379,28.015,85.3795,68.7703805,11.18375,247.4609559
33,Sweden_c,2006,3,2,2.0577,43.771,26.636,85.8685,67.47169369,12.860625,239.957742
33,Sweden_c,2006,4,2,1.837,46.13,27.9965,85.267,67.92563931,11.48125,244.2206513
33,Sweden_c,2006,5,2,1.83365,44.068,26.7975,85.483,66.87985759,11.4603125,239.4422518
33,Sweden_c,2006,6,2,1.82425,45.2855,27.15,85.7715,68.12929904,11.4015625,243.549217
33,Sweden_c,2006,7,2,2.0617,40.565,25.2975,86.505,66.52352476,12.885625,235.9314068
33,Sweden_c,2006,8,2,1.9655,44.2685,26.6425,86.2875,68.97426553,12.284375,242.3875508
33,Sweden_c,2006,9,2,1.93345,44.8855,26.804,86.025,68.8395138,12.0840625,241.5379253
33,Sweden_c,2006,10,2,1.93255,45.36,27.4385,85.3635,67.40640307,12.0784375,244.2505633
33,Sweden_c,2006,11,2,2.01555,47.5775,28.881,84.6015,67.75664437,12.5971875,243.2290428
33,Sweden_c,2006,12,2,1.6238,52.3455,29.869,84.638,70.3905509,10.14875,255.2540987
33,Sweden_c,2006,13,2,1.68025,43.717,26.1595,86.7045,68.52094485,10.5015625,243.4768425
33,Sweden_c,2006,14,2,2.4395,38.0045,25.199,86.3815,64.17822839,15.246875,228.0889609
33,Sweden_c,2006,15,2,2.6284,35.291,22.6365,89.505,70.92410017,16.4275,236.9800321
33,Sweden_c,2006,16,2,1.92595,46.19,27.115,86.0995,69.70053197,12.0371875,246.4744524
33,Sweden_c,2006,17,2,1.90715,45.3015,27.5965,85.2645,66.86250045,11.9196875,245.0206056
33,Sweden_c,2006,18,2,2.0792,43.0935,26.297,85.862,67.18788929,12.995,236.3975851
33,Sweden_c,2006,19,2,1.65555,48.6465,28.2665,85.025,68.36096525,10.3471875,251.1208551
33,Sweden_c,2006,20,2,1.83825,43.86,26.3985,86.1715,68.34159125,11.4890625,240.6830411
33,Sweden_c,2006,21,2,1.9033,45.5305,27.256,85.845,68.45241208,11.895625,247.1943125
33,Sweden_c,2006,22,2,1.94405,43.994,27.05,85.32,66.50743963,12.1503125,239.1823484
33,Sweden_c,2006,23,2,1.93595,45.4575,27.365,85.357,67.47599999,12.0996875,244.5914469
33,Sweden_c,2006,24,2,1.8614,45.17,27.116,85.9165,68.65358881,11.63375,242.064324
33,Sweden_c,2006,25,2,1.8652,46.342,27.62,85.552,68.45751522,11.6575,246.1369262
33,Sweden_c,2006,26,2,1.7932,48.1135,28.301,85.6075,69.63308968,11.2075,250.5636616
33,Sweden_c,2006,27,2,1.7085,53.224,29.788,84.552,71.0838064,10.678125,254.2519025
33,Sweden_c,2006,28,2,1.5887,51.0615,29.822,84.211,69.10677492,9.929375,245.9557718
33,Sweden_c,2006,29,2,2.35085,34.1645,23.025,87.5575,63.55532702,14.6928125,223.8441221
33,Sweden_c,2006,30,2,2.79115,33.851,23.0115,88.89,67.98764675,17.4446875,235.0973423
52,Canada,2005,1,2,2.14805,55.9495,34.581,81.2725,66.51374045,13.4253125,252.3120279
52,Canada,2005,2,2,2.1805,53.521,33.096,81.3875,65.41895351,13.628125,248.8220096
52,Canada,2005,3,2,2.38185,49.794,31.4415,83.6625,67.45910225,14.8865625,247.039706
52,Canada,2005,4,2,2.11905,53.423,33.165,81.965,66.15820781,13.2440625,248.9979395
52,Canada,2005,5,2,2.3003,51.444,32.808,82.1635,65.33092497,14.376875,246.5300489
52,Canada,2005,6,2,2.06735,54.8215,32.746,81.856,67.29686679,12.9209375,251.9831432
52,Canada,2005,7,2,2.17855,55.774,35.5735,79.5185,63.246354,13.6159375,248.7749418
52,Canada,2005,8,2,2.48695,46.5905,30.018,84.6515,67.66429769,15.5434375,244.6373658
52,Canada,2005,9,2,2.45735,48.254,31.785,83.16,65.14088831,15.3584375,243.8812282
52,Canada,2005,10,2,2.21965,52.0475,31.8615,82.841,67.37484751,13.8728125,248.720015
52,Canada,2005,11,2,2.4489,51.4555,32.167,82.9335,67.09018728,15.305625,249.1332608
52,Canada,2005,12,2,2.13075,54.883,34.25,81.3825,66.49844427,13.3171875,251.8787858
52,Canada,2005,13,2,1.7653,51.778,31.9815,81.103,63.54754294,11.033125,239.5312243
52,Canada,2005,14,2,2.5856,43.2395,30.505,83.329,61.402072,16.16,233.7502705
52,Canada,2005,15,2,2.59795,44.5485,30.8235,82.7545,61.44763923,16.2371875,236.8218951
52,Canada,2005,16,2,1.9065,57.713,34.75,80.503,66.20374925,11.915625,251.9821695
52,Canada,2005,17,2,2.1006,55.206,34.0055,81.258,66.4343437,13.12875,249.4519208
52,Canada,2005,18,2,2.72895,41.196,29.489,84.097,61.41897591,17.0559375,234.3591386
52,Canada,2005,19,2,2.18195,52.962,33.161,82.144,66.2607516,13.6371875,248.4411627
52,Canada,2005,20,2,2.23795,49.5095,32.1705,81.924,63.47153619,13.9871875,241.9110718
52,Canada,2005,21,2,2.14495,55.4585,34.2695,81.205,66.11624006,13.4059375,250.8287628
52,Canada,2005,22,2,2.46645,45.417,30.465,83.5555,63.97685847,15.4153125,239.0500654
52,Canada,2005,23,2,2.3504,51.3115,32.138,82.286,65.4908998,14.69,249.1659798
52,Canada,2005,24,2,2.2363,52.0705,33.393,82.1645,65.66627552,13.976875,247.9730295
52,Canada,2005,25,2,2.1664,53.558,33.353,81.4635,65.60222978,13.54,249.0720342
52,Canada,2005,26,2,2.4205,48.6725,32.134,82.565,64.13495846,15.128125,243.1276545
52,Canada,2005,27,2,1.9328,59.7295,35.6305,80.9935,68.2104834,12.08,256.5886288
52,Canada,2005,28,2,2.2421,49.61,31.9555,82.5865,64.97030812,14.013125,243.0512128
52,Canada,2005,29,2,2.59075,44.1965,30.5295,83.9285,63.66219285,16.1921875,238.2876064
52,Canada,2005,30,2,2.4889,44.7615,30.8,81.7805,59.49561389,15.555625,NA
52,Canada,2005,31,2,2.03525,56.1455,34.3755,80.5915,65.19886953,12.7203125,251.0656889
52,Canada,2005,32,2,2.26135,50.9125,32.2145,81.9295,64.24048483,14.1334375,245.5911857
52,Canada,2005,33,2,2.59015,43.8765,30.0475,83.626,62.55312441,16.1884375,237.7516871
52,Canada,2005,34,2,2.2776,48.986,31.9965,81.855,62.4014087,14.235,241.8384623
52,Canada,2005,35,2,2.2969,51.9495,33.179,82.0595,65.54794459,14.355625,247.9025681
52,Canada,2005,36,2,2.13075,54.883,34.25,81.3825,66.49844427,13.3171875,251.8787858
52,Canada,2005,37,2,1.7653,51.778,31.9815,81.103,63.54754294,11.033125,239.5312243
52,Canada,2005,38,2,2.73155,42.1395,29.7485,84.4945,63.32550695,17.0721875,236.7456561
52,Canada,2005,39,2,3.0741,36.5285,26.9725,84.758,58.89769518,19.213125,225.851921
52,Canada,2005,40,2,2.06795,55.5645,34.1325,81.6805,66.97993032,12.9246875,252.0007289
52,Canada,2005,41,2,2.02385,55.7635,33.8205,81.4555,66.73316182,12.6490625,251.0215969
52,Canada,2005,42,2,2.3782,50.82,33.283,81.2305,62.99357721,14.86375,244.5857061
52,Canada,2005,43,2,2.1985,50.5825,32.7695,81.524,63.04446771,13.740625,243.4939315
52,Canada,2005,44,2,2.4428,44.8485,29.891,83.938,64.13750492,15.2675,239.5428951
52,Canada,2005,45,2,1.9328,59.7295,35.6305,80.9935,68.2104834,12.08,256.5886288
52,Canada,2005,46,2,2.2421,49.61,31.9555,82.5865,64.97030812,14.013125,243.0512128
52,Canada,2005,47,2,2.47855,47.7505,32.55,80.8025,59.59866606,15.4909375,235.6108621
52,Canada,2005,48,2,2.79965,38.8045,28.7345,83.2335,57.41594051,17.4978125,225.3679801
52,Canada,2006,1,2,2.20155,56.5775,31.714,84.397,72.6052905,13.7596875,258.7758314
52,Canada,2006,2,2,2.03275,55.374,31.709,83.755,70.61158342,12.7046875,255.782623
52,Canada,2006,3,2,2.0536,55.1095,31.3765,84.0005,71.06745483,12.835,257.0677999
52,Canada,2006,4,2,2.03975,55.333,31.3595,83.8895,70.89294595,12.7484375,255.8594461
52,Canada,2006,5,2,2.24905,54.9765,31.5895,84.5015,71.83342471,14.0565625,257.9260254
52,Canada,2006,6,2,1.98515,55.307,30.9345,84.4455,72.01608932,12.4071875,256.6490967
52,Canada,2006,7,2,2.3789,54.2675,31.159,84.8905,72.18741646,14.868125,257.244769
52,Canada,2006,8,2,1.93645,55.1805,30.395,84.9885,72.92819311,12.1028125,258.0302679
52,Canada,2006,9,2,2.22765,54.2895,30.936,84.3495,71.19231171,13.9228125,256.1559514
52,Canada,2006,10,2,2.0353,56.7675,31.9035,83.6615,71.11917356,12.720625,258.0836322
52,Canada,2006,11,2,2.04065,55.613,31.5145,83.422,70.14833291,12.7540625,255.5456734
52,Canada,2006,12,2,2.04995,56.5235,31.6775,84.426,72.52306677,12.8121875,259.4091778
52,Canada,2006,13,2,1.8994,54.5415,31.3265,83.484,69.67989504,11.87125,251.8083112
52,Canada,2006,14,2,2.354,52.0005,29.976,84.169,69.55339342,14.7125,250.7260579
52,Canada,2006,15,2,2.0046,56.3275,31.196,84.039,71.87755351,12.52875,258.0491788
52,Canada,2006,16,2,2.42175,55.268,31.7195,84.764,72.43289914,15.1359375,260.9070435
52,Canada,2006,17,2,2.12445,54.8365,30.9815,84.261,71.30586695,13.2778125,256.7461208
52,Canada,2006,18,2,2.067,54.3535,31.06,83.648,69.87911413,12.91875,253.2518232
52,Canada,2006,19,2,2.2745,55.385,32.14,83.878,70.83000225,14.215625,257.785643
52,Canada,2006,20,2,2.0519,55.235,30.7545,84.3445,71.75387295,12.824375,256.1435232
52,Canada,2006,21,2,2.27665,56.8685,32.917,83.696,71.36713024,14.2290625,259.7101161
52,Canada,2006,22,2,2.1778,53.0525,29.7425,85.33,72.46708415,13.61125,255.018349
52,Canada,2006,23,2,2.00625,55.268,30.868,84.701,72.47924772,12.5390625,257.7906895
52,Canada,2006,24,2,2.1342,55.1955,30.953,84.175,71.49168809,13.33875,255.4782601
52,Canada,2006,25,2,1.96595,56.015,31.222,83.8355,71.23522311,12.2871875,255.7808694
52,Canada,2006,26,2,2.3621,53.5375,30.5825,84.9755,71.94281211,14.763125,256.4768008
52,Canada,2006,27,2,2.4866,53.5855,31.5805,85.9345,74.0767062,15.54125,259.8573574
52,Canada,2006,28,2,2.1782,55.9085,32.829,82.0515,67.85543928,13.61375,252.7103452
52,Canada,2006,29,2,2.15935,53.6925,30.173,84.09,70.45020256,13.4959375,253.4633607
52,Canada,2006,30,2,2.11715,55.6425,31.2805,82.811,69.01073638,13.2321875,253.5285463
52,Canada,2006,31,2,2.1326,55.809,31.3525,85.051,73.34394955,13.32875,259.792427
52,Canada,2006,32,2,2.0345,55.9495,31.529,82.7905,69.14632654,12.715625,253.7412321
52,Canada,2006,33,2,2.2039,52.6865,30.1345,84.1975,70.01834891,13.774375,251.4663324
52,Canada,2006,34,2,2.4744,49.7735,29.4915,85.5985,70.95927616,15.465,252.807977
52,Canada,2006,35,2,2.28385,54.2065,31.048,84.787,71.94464522,14.2740625,256.5815418
52,Canada,2006,36,2,2.04995,56.5235,31.6775,84.426,72.52306677,12.8121875,259.4091778
52,Canada,2006,37,2,1.8994,54.5415,31.3265,83.484,69.67989504,11.87125,251.8083112
52,Canada,2006,38,2,2.2753,54.6155,31.6875,83.1065,69.03241808,14.220625,254.2529648
52,Canada,2006,39,2,2.9122,43.1,28.0895,85.6425,66.57169423,18.20125,238.6154731
52,Canada,2006,40,2,2.5925,51.798,30.3475,87.402,75.70438234,16.203125,261.5137303
52,Canada,2006,41,2,2.26295,53.623,30.7405,84.424,70.94354574,14.1434375,254.5325065
52,Canada,2006,42,2,2.10815,56.6345,31.523,84.0665,71.95829945,13.1759375,258.5389532
52,Canada,2006,43,2,2.23225,53.601,30.6175,83.994,70.0787416,13.9515625,254.4678538
52,Canada,2006,44,2,2.26475,51.7085,29.5445,85.6415,72.37794783,14.1546875,254.4550674
52,Canada,2006,45,2,2.4866,53.5855,31.5805,85.9345,74.0767062,15.54125,259.8573574
52,Canada,2006,46,2,2.1782,55.9085,32.829,82.0515,67.85543928,13.61375,252.7103452
52,Canada,2006,47,2,2.65575,47.3425,30.8185,83.9725,66.12759057,16.5984375,244.5951099
52,Canada,2006,48,2,2.51675,48.7495,29.601,84.3555,67.87526821,15.7296875,246.3586918
52,Canada,2007,1,2,2.2073,50.9795,29.465,87.62,75.76159425,13.795625,258.3919353
52,Canada,2007,2,2,1.7921,54.7715,31.135,83.9335,70.61131991,11.200625,254.6829199
52,Canada,2007,3,2,1.7853,54.353,31.038,84.0825,70.62207274,11.158125,254.9521673
52,Canada,2007,4,2,1.78825,56.865,32.2325,82.6345,69.36022479,11.1765625,255.418193
52,Canada,2007,5,2,1.7995,55.894,31.3785,83.6255,70.62550526,11.246875,255.9009162
52,Canada,2007,6,2,1.93465,53.271,30.605,85.252,72.25707683,12.0915625,256.444701
52,Canada,2007,7,2,2.12545,52.138,29.1925,86.414,73.90747941,13.2840625,257.9050147
52,Canada,2007,8,2,1.7219,53.913,31.0135,85.168,72.40576776,10.761875,256.1863593
52,Canada,2007,9,2,1.92685,55.1015,31.694,82.5025,68.12808685,12.0428125,252.498218
52,Canada,2007,10,2,1.60695,55.422,31.614,82.946,69.16135353,10.0434375,251.8794771
52,Canada,2007,11,2,1.8121,54.333,31.3165,84.272,71.05007589,11.325625,254.6339257
52,Canada,2007,12,2,1.9672,53.3425,29.93,86.2415,74.21560311,12.295,258.0324405
52,Canada,2007,13,2,1.8177,53.69,31.1555,83.2815,68.79964275,11.360625,250.4516934
52,Canada,2007,14,2,1.86155,55.526,31.161,83.294,69.84927544,11.6346875,253.4534741
52,Canada,2007,15,2,1.8398,55.3285,31.701,84.2435,71.50686053,11.49875,256.0107933
52,Canada,2007,16,2,2.0281,54.4585,31.3545,84.371,71.17137972,12.675625,257.9305613
52,Canada,2007,17,2,1.7585,56.4275,32.3285,81.78,67.64973801,10.990625,251.9221855
52,Canada,2007,18,2,1.78195,55.1,31.11,84.11,71.03559958,11.1371875,256.2900209
52,Canada,2007,19,2,1.93105,55.5465,31.9775,83.9315,70.98407089,12.0690625,258.1420876
52,Canada,2007,20,2,1.8685,54.6705,31.155,84.598,71.77712795,11.678125,255.9333195
52,Canada,2007,21,2,2.22175,50.5025,29.489,87.23,74.72500129,13.8859375,256.3053106
52,Canada,2007,22,2,1.9161,55.586,31.2335,84.7595,72.61677951,11.975625,257.0847195
52,Canada,2007,23,2,1.92565,52.2855,30.5285,85.2755,71.78576112,12.0353125,254.9271655
52,Canada,2007,24,2,1.924,55.1605,31.703,82.9205,68.99661174,12.025,252.7499794
52,Canada,2007,25,2,1.76665,54.2035,30.4155,84.274,70.93376366,11.0415625,253.2337162
52,Canada,2007,26,2,2.0136,54.236,31.16,84.488,71.3498667,12.585,256.5076254
52,Canada,2007,27,2,2.33295,48.7,28.139,88.178,75.71436351,14.5809375,258.4617264
52,Canada,2007,28,2,2.0753,54.044,31.507,83.349,69.20677221,12.970625,252.1949999
52,Canada,2007,29,2,1.80015,55.259,31.3125,84.344,71.57012018,11.2509375,257.1523034
52,Canada,2007,30,2,1.7404,58.2215,33.3765,81.4005,68.00431697,10.8775,253.8910663
52,Canada,2007,31,2,1.98475,52.6155,30.175,86.256,73.75233928,12.4046875,260.3313345
52,Canada,2007,32,2,1.8498,54.6715,32.028,83.4315,69.63545511,11.56125,253.5655084
52,Canada,2007,33,2,1.7676,55.708,31.992,83.4305,70.16041123,11.0475,255.8070003
52,Canada,2007,34,2,2.1558,52.8825,30.567,84.784,71.16917051,13.47375,255.5623437
52,Canada,2007,35,2,1.94735,54.0685,30.704,85.552,73.31352644,12.1709375,256.8309159
52,Canada,2007,36,2,1.9672,53.3425,29.93,86.2415,74.21560311,12.295,258.0324405
52,Canada,2007,37,2,1.8177,53.69,31.1555,83.2815,68.79964275,11.360625,250.4516934
52,Canada,2007,38,2,1.8886,56.4045,32.4915,81.972,67.93463567,11.80375,253.9277672
52,Canada,2007,39,2,2.47775,45.4395,28.8935,85.299,67.58103574,15.4859375,243.0651364
52,Canada,2007,40,2,2.23295,49.947,28.686,87.8955,75.75654575,13.9559375,256.801064
52,Canada,2007,41,2,1.9995,54.6985,31.667,83.0245,68.89682086,12.496875,252.9849601
52,Canada,2007,42,2,1.7037,57.3685,32.943,82.503,69.39477736,10.648125,258.6858509
52,Canada,2007,43,2,2.24495,51.3205,29.7785,87.0155,74.68051867,14.0309375,257.8369208
52,Canada,2007,44,2,1.98495,54.025,31.0295,85.4805,73.02707266,12.4059375,260.2086561
52,Canada,2007,45,2,2.33295,48.7,28.139,88.178,75.71436351,14.5809375,258.4617264
52,Canada,2007,46,2,2.0753,54.044,31.507,83.349,69.20677221,12.970625,252.1949999
52,Canada,2007,47,2,2.266,48.024,29.467,85.418,69.62634704,14.1625,247.4482926
52,Canada,2007,48,2,1.99135,56.8585,32.3245,82.0935,68.46197252,12.4459375,253.3699637
